{"cameraMode":{"drawMode":0,"name":"Shaded","section":"Shading Mode"},"sceneLighting":false,"audioPlay":false,"sceneViewState":{"showFog":true,"showMaterialUpdate":false,"showSkybox":false,"showFlares":true,"showImageEffects":true,"showParticleSystems":true},"in2DMode":false,"pivot":{"x":7.6887664794921879,"y":28.58461570739746,"z":0.41871845722198489},"rotation":{"x":-0.2889539301395416,"y":0.684070885181427,"z":-0.3439619243144989,"w":-0.5746707916259766},"size":7.563353538513184,"orthographic":false}