{"cameraMode":{"drawMode":0,"name":"Shaded","section":"Shading Mode"},"sceneLighting":true,"audioPlay":false,"sceneViewState":{"showFog":true,"showMaterialUpdate":false,"showSkybox":true,"showFlares":true,"showImageEffects":true,"showParticleSystems":true},"in2DMode":false,"pivot":{"x":0.9297009706497192,"y":17.589548110961915,"z":2.8366196155548097},"rotation":{"x":-0.22091974318027497,"y":0.0788930356502533,"z":-0.017993571236729623,"w":-0.9719663262367249},"size":20.351959228515626,"orthographic":true}