{"cameraMode":{"drawMode":0,"name":"Shaded","section":"Shading Mode"},"sceneLighting":false,"audioPlay":false,"sceneViewState":{"showFog":true,"showMaterialUpdate":false,"showSkybox":false,"showFlares":true,"showImageEffects":true,"showParticleSystems":true},"in2DMode":false,"pivot":{"x":-0.8472226858139038,"y":-3.7436084747314455,"z":3.788597345352173},"rotation":{"x":0.37962743639945986,"y":-0.07895426452159882,"z":0.03253742307424545,"w":0.921190083026886},"size":6.4984130859375,"orthographic":false}