{"cameraMode":{"drawMode":0,"name":"Shaded","section":"Shading Mode"},"sceneLighting":false,"audioPlay":false,"sceneViewState":{"showFog":true,"showMaterialUpdate":false,"showSkybox":false,"showFlares":true,"showImageEffects":true,"showParticleSystems":true},"in2DMode":false,"pivot":{"x":-0.022767305374145509,"y":0.0293881893157959,"z":-0.014710426330566407},"rotation":{"x":-0.37381401658058169,"y":0.2737685441970825,"z":-0.11649415642023087,"w":-0.878491222858429},"size":7.18072509765625,"orthographic":false}