{"cameraMode":{"drawMode":0,"name":"Shaded","section":"Shading Mode"},"sceneLighting":false,"audioPlay":false,"sceneViewState":{"showFog":true,"showMaterialUpdate":false,"showSkybox":false,"showFlares":true,"showImageEffects":true,"showParticleSystems":true},"in2DMode":false,"pivot":{"x":-0.03550225496292114,"y":-0.5502586364746094,"z":-0.8476123809814453},"rotation":{"x":-0.13824895024299622,"y":0.7504079341888428,"z":-0.16608068346977235,"w":-0.6246544718742371},"size":4.896181583404541,"orthographic":false}