{"cameraMode":{"drawMode":0,"name":"Shaded","section":"Shading Mode"},"sceneLighting":false,"audioPlay":false,"sceneViewState":{"showFog":true,"showMaterialUpdate":false,"showSkybox":false,"showFlares":true,"showImageEffects":true,"showParticleSystems":true},"in2DMode":false,"pivot":{"x":0.47572705149650576,"y":0.27092838287353518,"z":0.5779705047607422},"rotation":{"x":-0.3987114429473877,"y":0.16420242190361024,"z":-0.07279983162879944,"w":-0.8993164896965027},"size":1.6698486804962159,"orthographic":false}