{"cameraMode":{"drawMode":0,"name":"Shaded","section":"Shading Mode"},"sceneLighting":false,"audioPlay":false,"sceneViewState":{"showFog":true,"showMaterialUpdate":false,"showSkybox":false,"showFlares":true,"showImageEffects":true,"showParticleSystems":true},"in2DMode":false,"pivot":{"x":-0.21750378608703614,"y":14.6899995803833,"z":12.249999046325684},"rotation":{"x":-0.06144620105624199,"y":0.022457821294665338,"z":-0.0014274102868512273,"w":-0.9978925585746765},"size":28.49370574951172,"orthographic":true}