{"cameraMode":{"drawMode":0,"name":"Shaded","section":"Shading Mode"},"sceneLighting":false,"audioPlay":false,"sceneViewState":{"showFog":true,"showMaterialUpdate":false,"showSkybox":false,"showFlares":true,"showImageEffects":true,"showParticleSystems":true},"in2DMode":false,"pivot":{"x":-0.43500757217407229,"y":14.6899995803833,"z":9.799999237060547},"rotation":{"x":-0.23893851041793824,"y":0.04221588000655174,"z":-0.01046013180166483,"w":-0.9700972437858582},"size":21.170682907104493,"orthographic":true}