{"cameraMode":{"drawMode":0,"name":"Shaded","section":"Shading Mode"},"sceneLighting":false,"audioPlay":false,"sceneViewState":{"showFog":true,"showMaterialUpdate":false,"showSkybox":false,"showFlares":true,"showImageEffects":true,"showParticleSystems":true},"in2DMode":false,"pivot":{"x":-0.43500757217407229,"y":14.6899995803833,"z":9.799999237060547},"rotation":{"x":-0.2476596087217331,"y":0.04212002456188202,"z":-0.010839701630175114,"w":-0.9679076075553894},"size":19.308191299438478,"orthographic":true}