{"cameraMode":{"drawMode":0,"name":"Shaded","section":"Shading Mode"},"sceneLighting":false,"audioPlay":false,"sceneViewState":{"showFog":true,"showMaterialUpdate":false,"showSkybox":false,"showFlares":true,"showImageEffects":true,"showParticleSystems":true},"in2DMode":false,"pivot":{"x":2.7200002670288088,"y":-4.210000038146973,"z":-1.4901161193847657e-7},"rotation":{"x":-0.12378866225481034,"y":0.8154506087303162,"z":-0.18947893381118775,"w":-0.5327426195144653},"size":1.7038185596466065,"orthographic":false}