{"cameraMode":{"drawMode":0,"name":"Shaded","section":"Shading Mode"},"sceneLighting":false,"audioPlay":false,"sceneViewState":{"showFog":true,"showMaterialUpdate":false,"showSkybox":false,"showFlares":true,"showImageEffects":true,"showParticleSystems":true},"in2DMode":false,"pivot":{"x":0.03194236755371094,"y":0.2585458755493164,"z":0.0},"rotation":{"x":-0.37381401658058169,"y":0.2737685441970825,"z":-0.11649415642023087,"w":-0.878491222858429},"size":8.178093910217286,"orthographic":false}