{"cameraMode":{"drawMode":0,"name":"Shaded","section":"Shading Mode"},"sceneLighting":false,"audioPlay":false,"sceneViewState":{"showFog":true,"showMaterialUpdate":false,"showSkybox":false,"showFlares":true,"showImageEffects":true,"showParticleSystems":true},"in2DMode":false,"pivot":{"x":-0.011274933815002442,"y":0.012533962726593018,"z":-0.0020690560340881349},"rotation":{"x":-0.12378866225481034,"y":0.8154506087303162,"z":-0.18947893381118775,"w":-0.5327426195144653},"size":1.9082542657852173,"orthographic":false}