{"cameraMode":{"drawMode":0,"name":"Shaded","section":"Shading Mode"},"sceneLighting":false,"audioPlay":false,"sceneViewState":{"showFog":true,"showMaterialUpdate":false,"showSkybox":false,"showFlares":true,"showImageEffects":true,"showParticleSystems":true},"in2DMode":false,"pivot":{"x":-3.675926685333252,"y":18.570568084716798,"z":-2.5852508544921877},"rotation":{"x":0.2738859951496124,"y":0.43132641911506655,"z":-0.13926666975021363,"w":0.8482732772827148},"size":11.653839111328125,"orthographic":false}