{"cameraMode":{"drawMode":0,"name":"Shaded","section":"Shading Mode"},"sceneLighting":false,"audioPlay":false,"sceneViewState":{"showFog":true,"showMaterialUpdate":false,"showSkybox":false,"showFlares":true,"showImageEffects":true,"showParticleSystems":true},"in2DMode":false,"pivot":{"x":-2.817229747772217,"y":23.760494232177736,"z":-2.257662534713745},"rotation":{"x":0.2000335454940796,"y":0.665006160736084,"z":-0.1918099969625473,"w":0.6935288906097412},"size":7.230994701385498,"orthographic":false}