{"cameraMode":{"drawMode":0,"name":"Shaded","section":"Shading Mode"},"sceneLighting":false,"audioPlay":false,"sceneViewState":{"showFog":true,"showMaterialUpdate":false,"showSkybox":false,"showFlares":true,"showImageEffects":true,"showParticleSystems":true},"in2DMode":false,"pivot":{"x":-0.21750378608703614,"y":14.6899995803833,"z":12.249999046325684},"rotation":{"x":-0.3717917799949646,"y":-0.018114300444722177,"z":0.007206846959888935,"w":-0.9281501770019531},"size":13.025854110717774,"orthographic":true}