{"cameraMode":{"drawMode":0,"name":"Shaded","section":"Shading Mode"},"sceneLighting":true,"audioPlay":false,"sceneViewState":{"showFog":true,"showMaterialUpdate":false,"showSkybox":true,"showFlares":true,"showImageEffects":true,"showParticleSystems":true},"in2DMode":false,"pivot":{"x":-8.05030632019043,"y":38.490562438964847,"z":0.2766105532646179},"rotation":{"x":0.39928534626960757,"y":0.5933420062065125,"z":-0.42989426851272585,"w":0.5510954260826111},"size":3.8449811935424806,"orthographic":true}