{"cameraMode":{"drawMode":0,"name":"Shaded","section":"Shading Mode"},"sceneLighting":false,"audioPlay":false,"sceneViewState":{"showFog":true,"showMaterialUpdate":false,"showSkybox":false,"showFlares":true,"showImageEffects":true,"showParticleSystems":true},"in2DMode":false,"pivot":{"x":0.09775928407907486,"y":-0.983649730682373,"z":-0.5515360236167908},"rotation":{"x":0.6899150013923645,"y":-0.0054289912804961208,"z":0.00517446082085371,"w":0.7238516807556152},"size":3.5038869380950929,"orthographic":false}