{"cameraMode":{"drawMode":0,"name":"Shaded","section":"Shading Mode"},"sceneLighting":false,"audioPlay":false,"sceneViewState":{"showFog":true,"showMaterialUpdate":false,"showSkybox":false,"showFlares":true,"showImageEffects":true,"showParticleSystems":true},"in2DMode":false,"pivot":{"x":-0.8440884351730347,"y":16.299951553344728,"z":1.1378653049468995},"rotation":{"x":-0.1577533781528473,"y":0.27450287342071535,"z":-0.04576500505208969,"w":-0.9474912881851196},"size":11.981178283691407,"orthographic":true}