{"cameraMode":{"drawMode":0,"name":"Shaded","section":"Shading Mode"},"sceneLighting":false,"audioPlay":false,"sceneViewState":{"showFog":true,"showMaterialUpdate":false,"showSkybox":false,"showFlares":true,"showImageEffects":true,"showParticleSystems":true},"in2DMode":false,"pivot":{"x":-3.181744337081909,"y":23.057865142822267,"z":-2.740210771560669},"rotation":{"x":0.3338283896446228,"y":0.5281839966773987,"z":-0.23702441155910493,"w":0.7439236044883728},"size":10.193944931030274,"orthographic":false}