{"cameraMode":{"drawMode":0,"name":"Shaded","section":"Shading Mode"},"sceneLighting":true,"audioPlay":false,"sceneViewState":{"showFog":true,"showMaterialUpdate":false,"showSkybox":true,"showFlares":true,"showImageEffects":true,"showParticleSystems":true},"in2DMode":false,"pivot":{"x":-8.05030632019043,"y":38.490562438964847,"z":0.2766105532646179},"rotation":{"x":0.41291046142578127,"y":0.5818915367126465,"z":-0.44189777970314028,"w":0.5437209010124207},"size":3.8449811935424806,"orthographic":true}