{"cameraMode":{"drawMode":0,"name":"Shaded","section":"Shading Mode"},"sceneLighting":false,"audioPlay":false,"sceneViewState":{"showFog":true,"showMaterialUpdate":false,"showSkybox":false,"showFlares":true,"showImageEffects":true,"showParticleSystems":true},"in2DMode":false,"pivot":{"x":0.5100001692771912,"y":-3.4100000858306886,"z":-1.4901161193847657e-7},"rotation":{"x":-0.12378866225481034,"y":0.8154506087303162,"z":-0.18947893381118775,"w":-0.5327426195144653},"size":1.703818678855896,"orthographic":false}