{"cameraMode":{"drawMode":0,"name":"Shaded","section":"Shading Mode"},"sceneLighting":false,"audioPlay":false,"sceneViewState":{"showFog":true,"showMaterialUpdate":false,"showSkybox":false,"showFlares":true,"showImageEffects":true,"showParticleSystems":true},"in2DMode":false,"pivot":{"x":-0.30900001525878909,"y":20.399999618530275,"z":-0.15000000596046449},"rotation":{"x":0.41051265597343447,"y":0.3062956929206848,"z":-0.148640975356102,"w":0.8459123373031616},"size":22.0,"orthographic":false}