{"cameraMode":{"drawMode":0,"name":"Shaded","section":"Shading Mode"},"sceneLighting":false,"audioPlay":false,"sceneViewState":{"showFog":true,"showMaterialUpdate":false,"showSkybox":false,"showFlares":true,"showImageEffects":true,"showParticleSystems":true},"in2DMode":false,"pivot":{"x":-2.922712564468384,"y":1.3423259258270264,"z":-2.9927139282226564},"rotation":{"x":-0.37381401658058169,"y":0.2737685441970825,"z":-0.11649415642023087,"w":-0.878491222858429},"size":13.435540199279786,"orthographic":false}