{"cameraMode":{"drawMode":0,"name":"Shaded","section":"Shading Mode"},"sceneLighting":false,"audioPlay":false,"sceneViewState":{"showFog":true,"showMaterialUpdate":false,"showSkybox":false,"showFlares":true,"showImageEffects":true,"showParticleSystems":true},"in2DMode":false,"pivot":{"x":0.22941255569458009,"y":16.155000686645509,"z":0.2666459083557129},"rotation":{"x":0.43749454617500307,"y":0.23842684924602509,"z":-0.12150481343269348,"w":0.8584797978401184},"size":19.24610710144043,"orthographic":false}