{"cameraMode":{"drawMode":0,"name":"Shaded","section":"Shading Mode"},"sceneLighting":false,"audioPlay":false,"sceneViewState":{"showFog":true,"showMaterialUpdate":false,"showSkybox":false,"showFlares":true,"showImageEffects":true,"showParticleSystems":true},"in2DMode":false,"pivot":{"x":-1.079563856124878,"y":21.260000228881837,"z":0.7709999084472656},"rotation":{"x":-0.32351458072662356,"y":0.4136792719364166,"z":-0.16012302041053773,"w":-0.8358060717582703},"size":8.841170310974121,"orthographic":false}