{"cameraMode":{"drawMode":0,"name":"Shaded","section":"Shading Mode"},"sceneLighting":false,"audioPlay":false,"sceneViewState":{"showFog":true,"showMaterialUpdate":false,"showSkybox":false,"showFlares":true,"showImageEffects":true,"showParticleSystems":true},"in2DMode":false,"pivot":{"x":-2.9802322387695315e-8,"y":0.0,"z":8.940696716308594e-8},"rotation":{"x":-0.12378866225481034,"y":0.8154506087303162,"z":-0.18947893381118775,"w":-0.5327426195144653},"size":1.9021497964859009,"orthographic":false}