{"cameraMode":{"drawMode":0,"name":"Shaded","section":"Shading Mode"},"sceneLighting":false,"audioPlay":false,"sceneViewState":{"showFog":true,"showMaterialUpdate":false,"showSkybox":false,"showFlares":true,"showImageEffects":true,"showParticleSystems":true},"in2DMode":false,"pivot":{"x":-0.21750378608703614,"y":14.6899995803833,"z":12.249999046325684},"rotation":{"x":-0.15067817270755769,"y":0.05631595849990845,"z":-0.008643352426588536,"w":-0.9869757890701294},"size":14.282342910766602,"orthographic":true}