{"cameraMode":{"drawMode":0,"name":"Shaded","section":"Shading Mode"},"sceneLighting":false,"audioPlay":false,"sceneViewState":{"showFog":true,"showMaterialUpdate":false,"showSkybox":false,"showFlares":true,"showImageEffects":true,"showParticleSystems":true},"in2DMode":false,"pivot":{"x":1.5613460540771485,"y":24.5286865234375,"z":-10.71302604675293},"rotation":{"x":-0.31459566950798037,"y":0.04468008875846863,"z":-0.014825409278273583,"w":-0.948060154914856},"size":1.212442398071289,"orthographic":false}