{"cameraMode":{"drawMode":0,"name":"Shaded","section":"Shading Mode"},"sceneLighting":false,"audioPlay":false,"sceneViewState":{"showFog":true,"showMaterialUpdate":false,"showSkybox":false,"showFlares":true,"showImageEffects":true,"showParticleSystems":true},"in2DMode":false,"pivot":{"x":-0.30900001525878909,"y":20.399999618530275,"z":-0.15000000596046449},"rotation":{"x":0.18671643733978272,"y":-0.07654206454753876,"z":0.014593690633773804,"w":0.97931969165802},"size":22.0,"orthographic":false}