{"cameraMode":{"drawMode":0,"name":"Shaded","section":"Shading Mode"},"sceneLighting":false,"audioPlay":false,"sceneViewState":{"showFog":true,"showMaterialUpdate":false,"showSkybox":false,"showFlares":true,"showImageEffects":true,"showParticleSystems":true},"in2DMode":false,"pivot":{"x":1.3276902437210084,"y":17.097362518310548,"z":-2.524044990539551},"rotation":{"x":0.4610610008239746,"y":0.025284765288233758,"z":-0.013143130578100682,"w":0.8869174122810364},"size":22.0,"orthographic":false}