{"cameraMode":{"drawMode":0,"name":"Shaded","section":"Shading Mode"},"sceneLighting":false,"audioPlay":false,"sceneViewState":{"showFog":true,"showMaterialUpdate":false,"showSkybox":false,"showFlares":true,"showImageEffects":true,"showParticleSystems":true},"in2DMode":false,"pivot":{"x":-0.21750378608703614,"y":14.6899995803833,"z":12.249999046325684},"rotation":{"x":-0.11375164240598679,"y":0.008940089493989945,"z":-0.001074987230822444,"w":-0.9935052394866943},"size":13.025854110717774,"orthographic":true}