{"cameraMode":{"drawMode":0,"name":"Shaded","section":"Shading Mode"},"sceneLighting":false,"audioPlay":false,"sceneViewState":{"showFog":true,"showMaterialUpdate":false,"showSkybox":false,"showFlares":true,"showImageEffects":true,"showParticleSystems":true},"in2DMode":false,"pivot":{"x":-0.30900001525878909,"y":20.399999618530275,"z":-0.15000000596046449},"rotation":{"x":-0.08376474678516388,"y":0.05677071586251259,"z":-0.004824736155569553,"w":-0.9948911666870117},"size":22.0,"orthographic":true}