{"cameraMode":{"drawMode":0,"name":"Shaded","section":"Shading Mode"},"sceneLighting":false,"audioPlay":false,"sceneViewState":{"showFog":true,"showMaterialUpdate":false,"showSkybox":false,"showFlares":true,"showImageEffects":true,"showParticleSystems":true},"in2DMode":false,"pivot":{"x":-0.8608298897743225,"y":21.861265182495118,"z":-2.382286787033081},"rotation":{"x":-0.20294062793254853,"y":0.7702934145927429,"z":-0.29682907462120058,"w":-0.5266460180282593},"size":-1.0418529510498047,"orthographic":false}