{"cameraMode":{"drawMode":0,"name":"Shaded","section":"Shading Mode"},"sceneLighting":false,"audioPlay":false,"sceneViewState":{"showFog":true,"showMaterialUpdate":false,"showSkybox":false,"showFlares":true,"showImageEffects":true,"showParticleSystems":true},"in2DMode":false,"pivot":{"x":-3.7095093727111818,"y":16.29957389831543,"z":-0.37974706292152407},"rotation":{"x":-0.2908550798892975,"y":0.10591287910938263,"z":-0.032478269189596179,"w":-0.9503699541091919},"size":17.31699562072754,"orthographic":true}