{"cameraMode":{"drawMode":0,"name":"Shaded","section":"Shading Mode"},"sceneLighting":false,"audioPlay":false,"sceneViewState":{"showFog":true,"showMaterialUpdate":false,"showSkybox":false,"showFlares":true,"showImageEffects":true,"showParticleSystems":true},"in2DMode":false,"pivot":{"x":0.9045794010162354,"y":19.068462371826173,"z":-0.5773277282714844},"rotation":{"x":0.21932518482208253,"y":-0.04827192798256874,"z":0.01086567621678114,"w":0.9743973612785339},"size":22.0,"orthographic":false}