{"cameraMode":{"drawMode":0,"name":"Shaded","section":"Shading Mode"},"sceneLighting":false,"audioPlay":false,"sceneViewState":{"showFog":true,"showMaterialUpdate":false,"showSkybox":false,"showFlares":true,"showImageEffects":true,"showParticleSystems":true},"in2DMode":false,"pivot":{"x":-0.9532060623168945,"y":24.20494270324707,"z":-1.9358434677124024},"rotation":{"x":-0.03888456150889397,"y":0.9603308439254761,"z":-0.2140529453754425,"w":-0.1744522899389267},"size":13.697378158569336,"orthographic":false}