{"cameraMode":{"drawMode":0,"name":"Shaded","section":"Shading Mode"},"sceneLighting":false,"audioPlay":false,"sceneViewState":{"showFog":true,"showMaterialUpdate":false,"showSkybox":false,"showFlares":true,"showImageEffects":true,"showParticleSystems":true},"in2DMode":false,"pivot":{"x":-1.1380000114440919,"y":10.25,"z":-1.4910000562667847},"rotation":{"x":-0.09052208065986633,"y":0.8795888423919678,"z":-0.42848601937294009,"w":-0.18582232296466828},"size":36.48099136352539,"orthographic":false}