{"cameraMode":{"drawMode":0,"name":"Shaded","section":"Shading Mode"},"sceneLighting":false,"audioPlay":false,"sceneViewState":{"showFog":true,"showMaterialUpdate":false,"showSkybox":false,"showFlares":true,"showImageEffects":true,"showParticleSystems":true},"in2DMode":false,"pivot":{"x":-1.2934131622314454,"y":19.350250244140626,"z":-1.0739479064941407},"rotation":{"x":-0.08934751152992249,"y":0.8866352438926697,"z":-0.4107249677181244,"w":-0.19287534058094026},"size":26.793943405151368,"orthographic":false}