{"cameraMode":{"drawMode":0,"name":"Shaded","section":"Shading Mode"},"sceneLighting":false,"audioPlay":false,"sceneViewState":{"showFog":true,"showMaterialUpdate":false,"showSkybox":false,"showFlares":true,"showImageEffects":true,"showParticleSystems":true},"in2DMode":false,"pivot":{"x":-0.30900001525878909,"y":20.399999618530275,"z":-0.15000000596046449},"rotation":{"x":0.18501800298690797,"y":-0.33297422528266909,"z":0.06680209189653397,"w":0.9221933484077454},"size":22.0,"orthographic":true}