{"cameraMode":{"drawMode":0,"name":"Shaded","section":"Shading Mode"},"sceneLighting":false,"audioPlay":false,"sceneViewState":{"showFog":true,"showMaterialUpdate":false,"showSkybox":false,"showFlares":true,"showImageEffects":true,"showParticleSystems":true},"in2DMode":false,"pivot":{"x":-0.21750354766845704,"y":14.61999797821045,"z":0.017499923706054689},"rotation":{"x":0.18501800298690797,"y":-0.33297422528266909,"z":0.06680209189653397,"w":0.9221933484077454},"size":51.91156768798828,"orthographic":true}