{"cameraMode":{"drawMode":0,"name":"Shaded","section":"Shading Mode"},"sceneLighting":false,"audioPlay":false,"sceneViewState":{"showFog":true,"showMaterialUpdate":false,"showSkybox":false,"showFlares":true,"showImageEffects":true,"showParticleSystems":true},"in2DMode":false,"pivot":{"x":-2.07631778717041,"y":12.123359680175782,"z":-9.567153930664063},"rotation":{"x":-0.017017221078276635,"y":0.8974189162254334,"z":-0.43949443101882937,"w":-0.034752532839775088},"size":26.584224700927736,"orthographic":false}