{"cameraMode":{"drawMode":0,"name":"Shaded","section":"Shading Mode"},"sceneLighting":false,"audioPlay":false,"sceneViewState":{"showFog":true,"showMaterialUpdate":false,"showSkybox":false,"showFlares":true,"showImageEffects":true,"showParticleSystems":true},"in2DMode":false,"pivot":{"x":11.846700668334961,"y":12.427923202514649,"z":9.350696563720704},"rotation":{"x":0.37691208720207217,"y":0.28315111994743349,"z":-0.1221926361322403,"w":0.8734084963798523},"size":30.120405197143556,"orthographic":false}