{"cameraMode":{"drawMode":0,"name":"Shaded","section":"Shading Mode"},"sceneLighting":false,"audioPlay":false,"sceneViewState":{"showFog":true,"showMaterialUpdate":false,"showSkybox":false,"showFlares":true,"showImageEffects":true,"showParticleSystems":true},"in2DMode":false,"pivot":{"x":13.438088417053223,"y":33.05839920043945,"z":0.1844385862350464},"rotation":{"x":0.18501800298690797,"y":-0.33297422528266909,"z":0.06680209189653397,"w":0.9221933484077454},"size":57.97854232788086,"orthographic":true}