{"cameraMode":{"drawMode":0,"name":"Shaded","section":"Shading Mode"},"sceneLighting":true,"audioPlay":false,"sceneViewState":{"showFog":true,"showMaterialUpdate":false,"showSkybox":true,"showFlares":true,"showImageEffects":true,"showParticleSystems":true},"in2DMode":false,"pivot":{"x":0.5802569389343262,"y":18.258403778076173,"z":0.71270352602005},"rotation":{"x":0.40921062231063845,"y":-0.24791893362998963,"z":0.11656504124403,"w":0.8703505992889404},"size":7.381260871887207,"orthographic":true}