{"cameraMode":{"drawMode":0,"name":"Shaded","section":"Shading Mode"},"sceneLighting":false,"audioPlay":false,"sceneViewState":{"showFog":true,"showMaterialUpdate":false,"showSkybox":false,"showFlares":true,"showImageEffects":true,"showParticleSystems":true},"in2DMode":false,"pivot":{"x":-10.560001373291016,"y":5.860000133514404,"z":-2.384185791015625e-7},"rotation":{"x":0.24386735260486604,"y":0.7518110871315002,"z":-0.3842620551586151,"w":0.47712790966033938},"size":27.377887725830079,"orthographic":true}