{"cameraMode":{"drawMode":1,"name":"Wireframe","section":"Shading Mode"},"sceneLighting":false,"audioPlay":false,"sceneViewState":{"showFog":true,"showMaterialUpdate":false,"showSkybox":false,"showFlares":true,"showImageEffects":true,"showParticleSystems":true},"in2DMode":false,"pivot":{"x":-2.255552053451538,"y":20.4918212890625,"z":-2.9282004833221437},"rotation":{"x":0.6885066032409668,"y":0.02283080294728279,"z":-0.021695129573345186,"w":0.7245474457740784},"size":0.5111455917358398,"orthographic":false}