{"cameraMode":{"drawMode":0,"name":"Shaded","section":"Shading Mode"},"sceneLighting":false,"audioPlay":false,"sceneViewState":{"showFog":true,"showMaterialUpdate":false,"showSkybox":false,"showFlares":true,"showImageEffects":true,"showParticleSystems":true},"in2DMode":false,"pivot":{"x":-0.30900001525878909,"y":20.399999618530275,"z":-0.15000000596046449},"rotation":{"x":-0.29206815361976626,"y":0.0604935847222805,"z":-0.018515126779675485,"w":-0.9543069005012512},"size":22.0,"orthographic":true}