{"cameraMode":{"drawMode":0,"name":"Shaded","section":"Shading Mode"},"sceneLighting":false,"audioPlay":false,"sceneViewState":{"showFog":true,"showMaterialUpdate":false,"showSkybox":false,"showFlares":true,"showImageEffects":true,"showParticleSystems":true},"in2DMode":false,"pivot":{"x":2.340721845626831,"y":18.523900985717775,"z":0.720703125},"rotation":{"x":0.13679936528205872,"y":-0.04901307076215744,"z":0.006776784081012011,"w":0.9893648624420166},"size":7.038092136383057,"orthographic":true}