{"cameraMode":{"drawMode":0,"name":"Shaded","section":"Shading Mode"},"sceneLighting":false,"audioPlay":false,"sceneViewState":{"showFog":true,"showMaterialUpdate":false,"showSkybox":false,"showFlares":true,"showImageEffects":true,"showParticleSystems":true},"in2DMode":false,"pivot":{"x":11.859999656677246,"y":37.3272819519043,"z":4.76837158203125e-7},"rotation":{"x":-0.46043604612350466,"y":0.42685171961784365,"z":-0.2691001296043396,"w":-0.7303426861763},"size":11.615400314331055,"orthographic":true}