{"cameraMode":{"drawMode":0,"name":"Shaded","section":"Shading Mode"},"sceneLighting":false,"audioPlay":false,"sceneViewState":{"showFog":true,"showMaterialUpdate":false,"showSkybox":false,"showFlares":true,"showImageEffects":true,"showParticleSystems":true},"in2DMode":false,"pivot":{"x":-0.4350104331970215,"y":20.6299991607666,"z":0.013987064361572266},"rotation":{"x":-0.02335037663578987,"y":-0.9697225689888,"z":0.2204175889492035,"w":-0.10279017686843872},"size":17.532184600830079,"orthographic":true}