{"cameraMode":{"drawMode":0,"name":"Shaded","section":"Shading Mode"},"sceneLighting":false,"audioPlay":false,"sceneViewState":{"showFog":true,"showMaterialUpdate":false,"showSkybox":false,"showFlares":true,"showImageEffects":true,"showParticleSystems":true},"in2DMode":false,"pivot":{"x":1.3276902437210084,"y":17.097362518310548,"z":-2.524044990539551},"rotation":{"x":0.18501800298690797,"y":-0.33297422528266909,"z":0.06680209189653397,"w":0.9221933484077454},"size":22.0,"orthographic":true}