{"cameraMode":{"drawMode":0,"name":"Shaded","section":"Shading Mode"},"sceneLighting":false,"audioPlay":false,"sceneViewState":{"showFog":true,"showMaterialUpdate":false,"showSkybox":false,"showFlares":true,"showImageEffects":true,"showParticleSystems":true},"in2DMode":false,"pivot":{"x":-0.21750354766845704,"y":20.88500213623047,"z":0.017499923706054689},"rotation":{"x":0.6026005744934082,"y":-0.10450692474842072,"z":0.08000852167606354,"w":0.7871158123016357},"size":36.5283317565918,"orthographic":true}