{"cameraMode":{"drawMode":0,"name":"Shaded","section":"Shading Mode"},"sceneLighting":false,"audioPlay":false,"sceneViewState":{"showFog":true,"showMaterialUpdate":false,"showSkybox":true,"showFlares":true,"showImageEffects":true,"showParticleSystems":true},"in2DMode":false,"pivot":{"x":1.3407402038574219,"y":21.856300354003908,"z":-2.5230469703674318},"rotation":{"x":0.007294849958270788,"y":0.8736705183982849,"z":-0.013106041587889195,"w":0.48628711700439455},"size":10.483922958374024,"orthographic":false}