{"cameraMode":{"drawMode":0,"name":"Shaded","section":"Shading Mode"},"sceneLighting":false,"audioPlay":false,"sceneViewState":{"showFog":true,"showMaterialUpdate":false,"showSkybox":false,"showFlares":true,"showImageEffects":true,"showParticleSystems":true},"in2DMode":false,"pivot":{"x":-2.221798896789551,"y":20.474817276000978,"z":-2.791541814804077},"rotation":{"x":-0.17965742945671082,"y":0.4920356571674347,"z":-0.10456451028585434,"w":-0.8453956246376038},"size":0.5671504735946655,"orthographic":true}