{"cameraMode":{"drawMode":0,"name":"Shaded","section":"Shading Mode"},"sceneLighting":false,"audioPlay":false,"sceneViewState":{"showFog":true,"showMaterialUpdate":false,"showSkybox":true,"showFlares":true,"showImageEffects":true,"showParticleSystems":true},"in2DMode":false,"pivot":{"x":-2.8846988677978517,"y":20.055999755859376,"z":-0.4421875476837158},"rotation":{"x":0.2642824947834015,"y":0.5130430459976196,"z":-0.16973194479942323,"w":0.7988370060920715},"size":7.8884501457214359,"orthographic":false}